{
  "train_losses": [
    1.7927349743090177,
    1.7565731374840987,
    1.664228357766804,
    1.437056208911695,
    1.105455335817839,
    0.8988198857558402,
    0.7460427096015528,
    0.6659246526266399,
    0.5200297142329969,
    0.44577640608737346,
    0.40459423551433965,
    0.32262977565589707,
    0.2885889512927909,
    0.26368101921520737,
    0.255130440780991,
    0.23212023706812607,
    0.22356976372630974,
    0.20382964532626302,
    0.19441999769524523,
    0.1806491323207554,
    0.1639539109248864,
    0.13705031299277357,
    0.11574440753381503,
    0.10045242211536358,
    0.08857927961569083,
    0.06976226589789516,
    0.057331982705938186,
    0.04467089915354001,
    0.0394184990835033,
    0.03554264568772755,
    0.03433772441195814,
    0.028999055478427755,
    0.027191610639228633,
    0.02751449809262627,
    0.0253254480071758,
    0.02323521507021628,
    0.022969501485165796,
    0.022959760733340915,
    0.02153478766252336,
    0.02144135471041265,
    0.0223544539491597,
    0.020689746279171424,
    0.02033286251274771,
    0.02094605790549203,
    0.020230022749226344,
    0.019841709241614137,
    0.02074554538060176,
    0.020271321219441137,
    0.01999828288037526,
    0.020258522469942506
  ],
  "val_losses": [
    1.7774366438388824,
    1.724795401096344,
    1.565298080444336,
    1.2396388351917267,
    0.9939815998077393,
    0.8361407965421677,
    0.724314957857132,
    0.6281088292598724,
    0.5233858823776245,
    0.5412347614765167,
    0.44521385431289673,
    0.43016011267900467,
    0.39752283692359924,
    0.38587990403175354,
    0.3845043070614338,
    0.3644310534000397,
    0.34857887029647827,
    0.3476736694574356,
    0.34628329798579216,
    0.32171980664134026,
    0.3301166296005249,
    0.3570162169635296,
    0.26573942974209785,
    0.32684629037976265,
    0.2916944846510887,
    0.2988450452685356,
    0.30738813802599907,
    0.3184675872325897,
    0.3386598192155361,
    0.3381948657333851,
    0.3519919030368328,
    0.35042332485318184,
    0.35432687401771545,
    0.35960059985518456,
    0.3639422617852688,
    0.3661390580236912,
    0.36802205815911293,
    0.36992110684514046,
    0.37409959733486176,
    0.37510354816913605,
    0.3767924904823303,
    0.37598688155412674,
    0.37557992339134216,
    0.37638019770383835,
    0.37656864151358604,
    0.37744471803307533,
    0.378632552921772,
    0.378899160772562,
    0.37927257269620895,
    0.3796677961945534
  ],
  "train_accuracies": [
    18.524871355060036,
    22.81303602058319,
    39.96569468267582,
    47.341337907375646,
    60.20583190394511,
    66.72384219554031,
    69.9828473413379,
    68.26758147512865,
    77.87307032590051,
    79.41680960548885,
    79.58833619210978,
    83.36192109777015,
    84.73413379073756,
    85.07718696397941,
    86.2778730703259,
    86.96397941680961,
    88.16466552315609,
    91.25214408233276,
    89.36535162950257,
    92.45283018867924,
    94.33962264150944,
    95.54030874785592,
    96.7409948542024,
    96.91252144082333,
    97.59862778730704,
    97.94168096054888,
    98.11320754716981,
    98.97084048027445,
    99.31389365351629,
    99.31389365351629,
    99.48542024013722,
    99.65694682675814,
    99.82847341337907,
    99.82847341337907,
    99.82847341337907,
    99.82847341337907,
    99.82847341337907,
    99.82847341337907,
    99.82847341337907,
    99.82847341337907,
    99.82847341337907,
    99.82847341337907,
    99.82847341337907,
    99.82847341337907,
    99.82847341337907,
    99.82847341337907,
    99.82847341337907,
    99.82847341337907,
    99.82847341337907,
    99.82847341337907
  ],
  "val_accuracies": [
    18.4,
    31.2,
    37.6,
    65.6,
    60.8,
    70.4,
    64.0,
    68.8,
    77.6,
    75.2,
    79.2,
    80.0,
    80.8,
    81.6,
    81.6,
    82.4,
    84.0,
    83.2,
    84.0,
    85.6,
    85.6,
    85.6,
    90.4,
    89.6,
    88.0,
    88.0,
    88.8,
    88.0,
    88.0,
    88.0,
    88.0,
    88.0,
    88.0,
    88.0,
    88.0,
    88.0,
    88.0,
    88.0,
    88.0,
    88.0,
    88.0,
    88.0,
    88.0,
    88.0,
    88.0,
    88.0,
    88.0,
    88.0,
    88.0,
    88.0
  ],
  "test_accuracy": 87.3015873015873,
  "model_architecture": "UrduDigitNet_3Layers(\n  (fc1): Linear(in_features=784, out_features=128, bias=True)\n  (relu1): ReLU()\n  (fc2): Linear(in_features=128, out_features=64, bias=True)\n  (relu2): ReLU()\n  (fc3): Linear(in_features=64, out_features=32, bias=True)\n  (relu3): ReLU()\n  (fc4): Linear(in_features=32, out_features=6, bias=True)\n)"
}